fluid,no,date/yyyy-mm-dd,time/hh:mm:ss,PT102/MPa,PT101/MPa,TT009/K,TT010/K,TT008/K,TT101/K,TT102/K,x1,x2,impurity,err(x)
Nitrogen,1,2021-03-04,11:19:37,5,6.000400162,153.3717346,199.7207336,150.9449005,149.8045349,144.735611,0,0,0.001323675,0.000178634
Nitrogen,1,2021-03-04,12:36:10,4.000699997,6,153.5574646,182.3177338,150.9464874,149.8028107,137.8550262,0,0,0.001426653,0.000179006
Nitrogen,1,2021-03-04,12:55:48,3.000200081,6,153.583847,177.1872711,150.9569855,149.8032379,129.2895203,0,0,0.00133941,0.0001789
Nitrogen,1,2021-03-04,13:17:35,1.999799919,6,153.6188354,170.1450958,150.9653625,149.8052979,118.3375092,0,0,0.001284163,0.000178742
Nitrogen,1,2021-03-04,13:34:22,1.000699997,6,153.6438141,166.4282074,150.9642639,149.8056335,104.0938416,0,0,0.001167111,0.000178768
Nitrogen,1,2021-03-04,14:13:39,0.140999997,6,153.6676788,156.7790833,150.9702148,149.8038483,88.22898865,0,0,0.000871989,0.000178424
Nitrogen,2,2020-12-14,17:22:19,3.995500183,5,163.2271423,230.2084503,160.9491425,160.0000153,155.3346558,0,0,0.009634628,0.000352207
Nitrogen,2,2020-12-14,16:41:17,3.013500023,5.000500107,163.3574829,212.2620544,161.0682373,159.9999542,148.4072418,0,0,0.009634628,0.000352207
Nitrogen,2,2020-12-14,16:17:52,2.002400017,5.000500107,163.3679504,205.6563721,161.1300354,160.0000153,140.3767242,0,0,0.009634628,0.000352197
Nitrogen,2,2020-12-14,15:48:19,1.006499958,5.000799942,163.2810669,203.1812439,161.170166,160.0009766,131.3223724,0,0,0.009634628,0.000351267
Nitrogen,3,2020-12-17,14:46:57,4.943799973,6,163.1779785,213.9452362,161.2459564,160.0006866,155.1429443,0,0,0.001407072,0.000179312
Nitrogen,3,2020-12-17,14:14:12,3.998400116,6.002999878,163.2534485,197.5218506,161.3088837,160.0011444,149.0090485,0,0,0.001502269,0.00017951
Nitrogen,3,2020-12-17,13:53:14,2.985899925,5.99980011,163.2783813,190.6153564,161.3228912,160.0024261,141.4488068,0,0,0.001426391,0.0001795
Nitrogen,3,2020-12-17,13:27:25,1.95340004,5.999900055,163.2807922,186.3155365,161.3407135,160.0029144,132.3999481,0,0,0.000990003,0.000179634
Nitrogen,3,2020-12-17,12:55:47,0.993799973,6,163.2602234,185.5679321,161.3387604,159.9989777,122.2754822,0,0,0.00128626,0.000179852
Nitrogen,4,2020-12-17,12:01:33,5.909000015,7.000099945,163.2254639,206.3808289,161.3146667,160.0016479,155.5285187,0,0,0.001566783,0.000179638
Nitrogen,4,2020-12-17,11:16:20,5.002700043,7.00019989,163.2662659,192.208725,161.3453979,160.0017242,150.3940582,0,0,0.001587414,0.0001801
Nitrogen,4,2020-12-17,10:46:48,4.011100006,7,163.2290955,177.4476013,161.3514709,160.0007477,143.7993011,0,0,0.00148496,0.000179896
Nitrogen,4,2020-12-17,10:28:17,2.018300056,6.999900055,163.1458282,173.479187,161.317337,159.9989777,126.2065735,0,0,0.001441689,0.000179906
Nitrogen,5,2020-11-27,5:44:43,7.990399933,9.00039978,163.7501068,192.9746857,161.2079926,159.9909821,157.1309204,0,0,0.00168672,0.000179896
Nitrogen,5,2020-11-27,5:31:24,7.011199951,9.000100214,163.7607727,183.1949768,161.1860962,159.9898235,153.4137573,0,0,0.001704553,0.000179858
Nitrogen,5,2020-11-27,5:14:33,5.997200012,8.999900055,163.7386475,182.8585205,161.1474609,159.9972076,148.9006195,0,0,0.001795992,0.000179896
Nitrogen,5,2020-11-27,4:47:49,5.006999969,8.99990011,163.8492889,166.1184387,161.156723,159.9941003,143.3387756,0,0,0.001581295,0.000179854
Nitrogen,5,2020-11-27,4:40:22,3.99469986,9,163.843399,159.6170044,161.2059937,159.9982202,136.5501709,0,0,0.001373765,0.000179729
Nitrogen,5,2020-11-27,4:30:43,3.016900063,9,163.8372498,153.9876556,161.1868744,160.0018768,128.1166687,0,0,0.0008469,0.000179351
Nitrogen,5,2020-11-27,4:23:52,2.000499916,9,163.8235168,151.4497986,161.1490479,160.0011444,116.7139816,0,0,0.000401683,0.000179094
Nitrogen,6,2020-12-16,18:59:38,11.02570038,11.99000015,163.1279449,188.167038,161.3712158,159.9839325,158.53862,0,0,0.002089714,0.000180557
Nitrogen,6,2020-12-16,18:43:05,10.01320038,12.00019989,163.164505,177.9610138,161.3617249,159.9999084,156.6169434,0,0,0.002321021,0.000180629
Nitrogen,6,2020-12-16,18:29:00,8.98259964,12.00100021,163.1605988,172.298645,161.2580719,159.9921417,154.2699432,0,0,0.001699221,0.000180076
Nitrogen,6,2020-12-16,18:13:11,7.116000366,12.00029984,163.1560974,164.4840698,161.2555542,160.0001526,148.7578583,0,0,0.000669093,0.000179515
Nitrogen,6,2020-12-16,17:57:44,6.083399963,11.99940033,163.1275024,157.937027,161.2241669,160.0000153,144.6657257,0,0,0.00101177,0.000180079
Nitrogen,6,2020-12-16,17:49:10,5.001100159,12.00009995,163.0985107,154.1322021,161.2186737,160.0000153,139.251358,0,0,0.001813388,0.0001806
Nitrogen,6,2020-12-16,17:31:22,3.993899918,12,162.9780579,148.0974121,161.1898041,159.9999542,132.7064667,0,0,0.002116377,0.000180632
Nitrogen,6,2020-12-16,17:16:21,3.003700066,11.99899979,162.824295,143.2348328,161.1741943,160.0000916,124.2000351,0,0,0.002403543,0.000180277
Argon,7,2020-12-15,16:26:05,3.990000153,5,182.4025421,269.5432129,180.8347015,180.0001831,174.2562714,0,0,0.00078572,0.0001778
Argon,7,2020-12-15,15:13:10,2.998999977,4.999900055,182.568222,255.5375366,180.9443512,180.0027008,165.6718597,0,0,0.000786773,0.000178105
Argon,7,2020-12-15,14:10:05,1.973800087,5,182.6504517,246.9185791,181.0337219,180.0012054,155.6197662,0,0,0.000718075,0.000178055
Argon,7,2020-12-15,13:22:12,1.007999992,5.000299835,182.7834167,233.2164612,181.0619965,179.9998627,144.6188965,0,0,0.000600293,0.000178195
Argon,8,2020-12-15,12:17:19,11.01050034,11.99990005,182.9717102,207.5492096,181.2182465,180.0000458,177.8821259,0,0,0.001422563,0.000179104
Argon,8,2020-12-15,11:37:39,9.021099854,11.99850006,182.9808197,189.6951752,181.2536774,180.0019989,171.7108459,0,0,0.002088875,0.000179936
Argon,8,2020-12-15,11:23:06,8.045300293,12,182.9464111,182.743454,181.2636719,179.999939,168.0425415,0,0,0.002218139,0.000180187
Argon,8,2020-12-15,11:09:17,7.020600128,11.99970016,182.8804169,175.250824,181.2648926,180,163.5248413,0,0,0.001993579,0.000180273
Argon,8,2020-12-15,11:02:21,5.979700089,12,182.8296356,170.8814545,181.2406769,180.0000458,158.1468811,0,0,0.002002094,0.000180038
Argon,8,2020-12-15,10:51:26,5.014699936,12.00100021,182.7126923,166.0489349,181.2342224,179.9998627,152.1369629,0,0,0.001906893,0.000179875
Helium,9,2021-01-12,18:04:32,5.004700089,7.001899719,68.91951752,103.6180267,64.92007446,65,67.40324097,0,0,0.000365217,0.000196894
Helium,9,2021-01-12,17:47:33,3.918799973,7,69.04091644,99.57422638,64.87179565,64.99656677,67.63872986,0,0,0.000545494,0.00019746
Helium,9,2021-01-12,17:35:24,3.083499908,7,69.04720306,97.80477905,64.85726929,65.00778961,68.28799744,0,0,0.000856816,0.000197612
Helium,9,2021-01-12,16:47:32,2.018099976,7,69.1447525,96.5607605,64.79117584,64.99036407,68.42211517,0,0,0,0.000198801
Helium,10,2021-01-13,12:50:48,4.042599869,5,68.86514282,120.3642578,64.99562836,64.99214172,66.38734436,0,0,0.000745755,0.000199736
Helium,10,2021-01-13,10:05:24,2.99829998,5.000099945,68.98745728,108.9739761,64.97058105,64.99828339,66.78726654,0,0,0,0.000197012
Helium,10,2021-01-13,9:47:54,2.001300049,5.000799942,69.02488708,104.7883377,64.95108032,64.99814606,67.05940704,0,0,0.0005157,0.000197282
Helium,10,2021-01-13,9:30:27,1.004399967,5.00019989,69.04756927,103.1516342,64.91398621,64.99586487,67.38295135,0,0,0.000521756,0.000197225
Helium,11,2021-01-26,11:48:40,9.022100067,10,144.1232758,190.0297852,141.6569824,140.6410675,141.8423767,0,0,0.001476674,0.000196732
Helium,11,2021-01-26,12:26:59,8.023799896,10.00019989,144.5187225,177.606842,141.6281891,140.6434326,142.219635,0,0,0.000375027,0.000196415
Helium,11,2021-01-26,13:00:58,5.975899887,10.00559998,144.6608124,170.1959839,141.5381622,140.639267,143.2433319,0,0,0.00090835,0.000197001
Helium,11,2021-01-26,13:15:07,3.179000092,10.0038002,144.6830902,167.1113434,141.4641571,140.6407928,144.7186127,0,0,0.001341572,0.000197305
"(Helium,Nitrogen)",12,2020-12-09,18:20:12,5.99640007,7.999900055,163.2923584,197.6472778,161.1613617,160.0089264,153.3766632,0.145070801,0.854929199,0,0.000316595
"(Helium,Nitrogen)",12,2020-12-09,18:00:41,5.05929985,8,163.2778931,188.3656006,161.161438,159.9990387,149.3185425,0.1453545,0.854645462,0,0.00031661
"(Helium,Nitrogen)",12,2020-12-09,17:39:49,2.991799927,8.00019989,163.240799,179.3863831,161.1499329,160.0008087,138.3912659,0.145634203,0.854365768,0,0.000315457
"(Helium,Nitrogen)",12,2020-12-09,17:25:17,1.943700027,8,163.1800842,176.9086304,161.1364746,159.9958038,131.4246979,0.145519104,0.854480896,0,0.000316538
"(Helium,Nitrogen)",12,2020-12-09,17:11:17,0.993999958,8,163.0814362,176.7304077,161.1248169,160.0060425,124.1477966,0.145423899,0.854576111,0,0.000315626
"(Helium,Nitrogen)",13,2020-12-10,16:53:00,3.997700119,5,143.7792969,206.8076019,140.919632,139.999939,135.7933197,0.145007401,0.8549926,0,0.000314714
"(Helium,Nitrogen)",13,2020-12-10,16:21:05,3.006200027,5,143.8493195,189.4860535,140.9899292,140.0001831,129.3087616,0.145136299,0.854863663,0,0.000314772
"(Helium,Nitrogen)",13,2020-12-10,15:56:03,2.005900002,4.99980011,143.8431702,183.9488525,140.9986115,140.0002747,121.5911865,0.144958696,0.855041275,0,0.000314699
"(Helium,Nitrogen)",13,2020-12-10,15:40:14,1.039000034,5,143.7896881,188.7801361,141.0120392,139.9998474,112.7962875,0.144860601,0.855139465,0,0.000314642
"(Helium,Nitrogen)",14,2020-12-10,12:25:58,3.980599976,5,163.0791168,237.5986481,160.867691,160.0007477,156.9343109,0.144906197,0.855093765,0,0.000314642
"(Helium,Nitrogen)",14,2020-12-10,10:58:39,2.013899994,5,163.2078705,213.8326874,161.0306549,160.0058289,146.4505005,0.144916096,0.855083923,0,0.00031564
"(Helium,Nitrogen)",14,2020-12-10,10:22:06,1.000399971,4.999000168,163.1774292,211.7110138,161.0098877,160.0009766,140.2199402,0.1447544,0.85524559,0,0.000315568
"(Helium,Nitrogen)",15,2020-12-11,15:48:02,3.998400116,5,143.6889038,221.6650696,140.8002472,140.0050659,139.6854858,0.502520218,0.497479782,0,0.000211992
"(Helium,Nitrogen)",15,2020-12-11,15:16:30,3.276900101,4.999000168,143.8046722,205.6771698,140.8983154,140.0006714,137.325943,0.502580185,0.497419815,0,0.000212058
"(Helium,Nitrogen)",15,2020-12-11,14:46:23,2.009799957,5,143.8366241,198.487381,140.969101,139.9978638,134.9553375,0.5026828,0.4973172,0,0.000212001
"(Helium,Nitrogen)",15,2020-12-11,14:23:12,0.990100002,5,143.8246613,195.3318329,140.9999542,140.0001831,132.3852539,0.502682419,0.497317696,0,0.000212029
"(Helium,Nitrogen)",16,2020-12-11,13:45:22,6.950800323,8,143.7260895,204.8484802,140.9285126,140.0070801,139.530899,0.502584686,0.497415314,0,0.000212473
"(Helium,Nitrogen)",16,2020-12-11,12:44:12,5.979199982,7.999900055,143.8603363,189.4183502,140.979538,139.9989624,137.6961823,0.502659607,0.497340508,0,0.000212482
"(Helium,Nitrogen)",16,2020-12-11,12:14:38,5.00890007,8,143.8921509,180.8917847,140.9940033,140.0060425,135.8578796,0.502691803,0.497308312,0,0.000212473
"(Helium,Nitrogen)",16,2020-12-11,12:00:08,4.007300186,8,143.8756104,176.4069977,140.9997406,140.0033417,133.8177643,0.502790489,0.497209511,0,0.000212964
"(Helium,Nitrogen)",16,2020-12-11,11:44:10,2.018499947,7.999700165,143.8200531,173.0715637,140.989975,140.0028076,129.152832,0.503011208,0.496988907,0,0.000212992
"(Helium,Nitrogen)",16,2020-12-11,11:17:33,1.00340004,8,143.536499,173.6039429,140.9922791,140.0106812,126.3856506,0.502811813,0.497188187,0,0.000212964
"(Helium,Neon)",17,2021-01-14,14:33:20,7.998799896,10,69.40306854,145.8842773,65.84085083,65.70153046,65.48348999,0.462263184,0.537736816,0,0.000272825
"(Helium,Neon)",17,2021-01-14,14:46:07,6.073199844,9.999900055,69.63697815,99.56977844,65.73908234,65.7016983,64.09143829,0.455364113,0.544635887,0,0.000275268
"(Helium,Neon)",17,2021-01-14,14:58:43,4.154499817,9.99980011,69.75621033,94.98962402,65.70310211,65.7000351,62.50511551,0.462493286,0.537506714,0,0.000275268
"(Helium,Neon)",17,2021-01-14,15:06:42,2.204599953,10.00110016,69.77272797,92.57012939,65.69000244,65.7013855,60.45336533,0.464012795,0.535987282,0,0.000271442
"(Helium,Neon)",18,2021-01-14,17:42:31,6.526999664,10.00019989,83.82173157,128.5186157,79.9319458,79.89904785,79.49318695,0.466557808,0.533442307,0,0.000271405
"(Helium,Neon)",18,2021-01-14,17:53:56,5.99090004,10.00009995,83.97829437,116.7523193,79.92524719,79.89664459,79.15239655,0.466849403,0.533150597,0,0.000273303
"(Helium,Neon)",18,2021-01-14,18:05:32,5.005799866,10.00100021,84.07099152,113.9914017,79.92449951,79.90102386,78.55823517,0.467210503,0.532789612,0,0.000271442
"(Helium,Neon)",18,2021-01-14,18:16:33,4.005099869,10.00029984,84.11988831,112.1553345,79.90843964,79.902771,78.0082016,0.467172813,0.532827301,0,0.000271442
"(Helium,Neon)",19,2021-01-15,11:33:10,6.065599823,7.999700165,68.81584167,182.3556366,65.03113556,64.9911499,64.5326004,0.467297707,0.532702408,0,0.000271442
"(Helium,Neon)",19,2021-01-15,11:43:16,5.009549968,8,69.01347351,108.6752396,65.02516174,64.99009705,63.6618309,0.466496315,0.533503799,0,0.000273369
"(Helium,Neon)",19,2021-01-15,12:01:24,3.87179985,8.000099945,69.11338806,101.3433914,65.02923584,64.99028015,62.62127304,0.466787911,0.533212204,0,0.000271442
"(Helium,Neon)",19,2021-01-15,12:12:13,2.977099991,7.999900055,69.13208008,99.18521881,65.01377869,64.99053192,61.67658615,0.467051697,0.532948303,0,0.000271405
"(Helium,Neon)",20,2021-01-15,13:53:02,5.018399811,7.000299835,84.15045929,174.6907043,80.0898819,79.9944458,79.87950134,0.466738281,0.533261719,0,0.000271405
"(Helium,Neon)",20,2021-01-15,14:11:11,4.001399994,7,84.30071259,128.4808044,80.07409668,79.99676514,79.25732422,0.466660881,0.533339119,0,0.000271405
"(Helium,Neon)",20,2021-01-15,14:27:40,3.004999924,7.000800323,84.33892822,124.6080322,80.07557678,79.99927521,78.63114166,0.466801796,0.533198319,0,0.000273303
"(Helium,Neon)",21,2021-01-27,14:40:11,9.07460022,10.00009995,69.14224243,221.1734314,65.23640442,65.14235687,65.41204071,0.313755798,0.686244202,0,0.000324318
"(Helium,Neon)",21,2021-01-27,14:48:38,8.152199936,9.999900055,69.28769684,124.7996597,65.24053955,65.14828491,64.4666748,0.314509602,0.685490418,0,0.00032429
"(Helium,Neon)",21,2021-01-27,15:22:22,5.967166742,10,69.46303558,96.03063965,65.19966125,65.14280701,62.02532959,0.306777401,0.693222733,0,0.000328158
"(Helium,Neon)",21,2021-01-27,15:38:05,3.975699997,10.00059967,69.47949982,91.19837189,65.17917633,65.14396667,59.168396,0.302913208,0.697086792,0,0.000328158
"(Helium,Neon)",21,2021-01-27,15:49:37,2.037100029,10.00019989,69.49420166,88.9571228,65.16239929,65.14588928,55.79568863,0.315699806,0.684300232,0,0.000326176
"(Helium,Neon)",22,2021-01-27,17:01:21,6.974299622,7.999900055,84.53625488,186.9347382,80.56534576,80.43543243,80.75549316,0.326383705,0.673616333,0,0.000320489
"(Helium,Neon)",22,2021-01-27,17:31:15,6.036999893,7.999900055,84.87290192,135.3287048,80.54618073,80.43235016,79.88356781,0.327704811,0.672295303,0,0.000320482
"(Helium,Neon)",22,2021-01-27,17:52:45,3.975099945,7.999700165,84.99259186,122.483345,80.51624298,80.43587494,78.01207733,0.327518387,0.67248169,0,0.000320489
"(Helium,Neon)",22,2021-01-27,18:06:16,1.992499924,7.99980011,85.02400208,118.0823288,80.50548553,80.43483734,75.90357208,0.327982483,0.672017517,0,0.000320461
"(Helium,Neon)",23,2021-01-28,10:06:27,3.134933344,5.000600052,69.42243958,130.2423706,65.2922287,65.16168213,63.78694153,0.327891312,0.672108688,0,0.000320482
"(Helium,Neon)",23,2021-01-28,10:21:06,2.091350079,5.009199905,69.47434998,120.7984161,65.28270721,65.16027832,61.97766876,0.327823792,0.672176209,0,0.000320497
"(Helium,Neon)",23,2021-01-28,10:32:05,1.047200012,5,69.49466705,116.1128922,65.2838974,65.15829468,59.99108887,0.327768288,0.672231674,0,0.000320453
"(Helium,Neon)",24,2021-01-28,15:21:16,3.843500137,5,69.34638214,133.183136,65.06929016,65.01365662,65.14979553,0.396652184,0.603347817,0,0.00029541
"(Helium,Neon)",24,2021-01-28,15:39:32,3.135400009,5.000899887,69.36756897,127.8672485,65.10003662,65.01621246,64.08061981,0.399278603,0.600721512,0,0.000295947
"(Helium,Neon)",24,2021-01-28,15:55:10,2.072699928,5,69.4069519,119.5989685,65.09870148,65.01410675,62.58144379,0.399449196,0.600550919,0,0.000295918
"(Helium,Neon)",24,2021-01-28,16:05:19,0.980300045,4.999900055,69.42373657,114.8906326,65.10970306,65.01451874,60.87456131,0.399488792,0.600511208,0,0.000295976
"(Helium,Neon)",25,2021-01-28,14:09:16,5.993350029,7.008499908,69.25380707,149.3565216,65.02839661,64.99464417,65.26316071,0.394188614,0.605811501,0,0.0002984
"(Helium,Neon)",25,2021-01-28,14:22:40,4.964900017,7.003099823,69.36354065,116.6108322,65.06762695,64.99552155,64.01760101,0.390310516,0.609689484,0,0.000300325
"(Helium,Neon)",25,2021-01-28,14:31:38,4.055400085,6.99980011,69.39667511,108.7367859,65.07852936,64.99734497,62.85807037,0.386892815,0.6131073,0,0.000300325
"(Helium,Neon)",25,2021-01-28,14:47:26,3.070700073,6.997899628,69.44403839,104.1717606,65.05101776,64.99526978,61.49729919,0.379854698,0.620145302,0,0.000302259
"(Helium,Neon)",25,2021-01-28,15:01:13,1.999699974,7.002999878,69.46858215,101.7045593,65.06541443,64.99806213,60.02370453,0.390296593,0.609703407,0,0.000297846
"(Helium,Neon)",26,2021-03-03,15:51:09,3.954000092,5,68.85826874,154.5455017,65.09407806,65.05284882,65.03496552,0.215408802,0.784591293,0,0.000358928
"(Helium,Neon)",26,2021-03-03,16:06:04,3.109225035,5,68.94551849,138.1493073,65.1245575,65.05314636,63.12421417,0.215492096,0.784507904,0,0.000358418
"(Helium,Neon)",26,2021-03-03,16:27:13,2.044149971,5,68.99155426,123.9835968,65.1342926,65.05251312,60.68468857,0.215371094,0.784628906,0,0.000356528
"(Helium,Neon)",26,2021-03-03,16:45:13,1.033400011,5,69.00679779,119.822052,65.13287354,65.05280304,58.11508179,0.215444508,0.784555588,0,0.000358418
"(Helium,Neon)",26,2021-03-03,17:03:16,0.146700001,5,68.99394989,114.7742157,65.13972473,65.05325317,55.57246399,0.215394898,0.784605179,0,0.000356528
"(Helium,Neon)",27,2021-03-03,13:24:59,6.011100006,7,68.90382385,137.0355835,65.11860657,65.04747772,65.1322403,0.200527496,0.799472504,0,0.00036277
"(Helium,Neon)",27,2021-03-03,13:42:28,5.386174965,7,68.98959351,123.6147308,65.12560272,65.0433197,63.9445076,0.209634399,0.790365601,0,0.000358447
"(Helium,Neon)",27,2021-03-03,13:59:02,4.028900146,7,69.04904175,109.9833069,65.11529541,65.04627228,61.42861938,0.214998207,0.785001907,0,0.000358917
"(Helium,Neon)",27,2021-03-03,14:19:00,3.272700119,7,69.0677948,105.5772247,65.10560608,65.04310608,59.8692894,0.215658703,0.784341278,0,0.000358447
"(Helium,Neon)",27,2021-03-03,14:31:50,1.984300041,6.999900055,69.08431244,102.8189468,65.10324097,65.04501343,56.83626175,0.215767803,0.784232178,0,0.000358928
"(Helium,Neon)",27,2021-03-03,14:44:03,1.003100014,7,69.09372711,101.0071411,65.10116577,65.04373169,54.13127899,0.215843201,0.784156799,0,0.000358917
"(Helium,Neon)",27,2021-03-03,14:53:02,0.175800002,7.00019989,69.0840683,96.80732727,65.10494995,65.045578,51.43774033,0.215718193,0.784281769,0,0.000358418
