authors,year,fluid,p/psia,p/atm,p/MPa,T/degC,T/F,T/K,x1,x2,uJT_meas/(K/MPa),uJT_meas/(F/psi),uJT_meas/(degC/atm),rel_err
"(Bier,Ernst,Maurer)",1974,propylene,,,0.3695,24.239,,297.389,,,17.82,,,
"(Bier,Ernst,Maurer)",1974,propylene,,,0.3528,24.765,,297.915,,,17.851,,,
"(Bier,Ernst,Maurer)",1974,propylene,,,0.3378,24.82,,297.97,,,17.622,,,
"(Bier,Ernst,Maurer)",1974,propylene,,,0.5128,24.942,,298.092,,,18.514,,,
"(Bier,Ernst,Maurer)",1974,propylene,,,0.5006,24.71,,297.86,,,18.468,,,
"(Bier,Ernst,Maurer)",1974,propylene,,,0.4873,24.977,,298.127,,,18.422,,,
"(Bier,Ernst,Maurer)",1974,propylene,,,0.787,24.425,,297.575,,,19.763,,,
"(Bier,Ernst,Maurer)",1974,propylene,,,0.778,24.596,,297.746,,,19.74,,,
"(Bier,Ernst,Maurer)",1974,propylene,,,0.7696,24.775,,297.925,,,19.731,,,
"(Bier,Ernst,Maurer)",1974,propylene,,,0.9816,24.477,,297.627,,,20.921,,,
"(Bier,Ernst,Maurer)",1974,propylene,,,0.9848,24.464,,297.614,,,21.017,,,
"(Bier,Ernst,Maurer)",1974,propylene,,,0.9832,24.68,,297.83,,,20.854,,,
Smith,1970,n-butane,14.7,,0.101352749,37.77777778,100,310.9277778,,,21.61,0.2682,,
Smith,1970,n-butane,20,,0.137894897,37.77777778,100,310.9277778,,,21.97,0.2727,,
Smith,1970,n-butane,40,,0.275789793,37.77777778,100,310.9277778,,,24.16,0.2998,,
Smith,1970,n-butane,14.7,,0.101352749,71.11111111,160,344.2611111,,,15.44,0.1916,,
Smith,1970,n-butane,20,,0.137894897,71.11111111,160,344.2611111,,,15.68,0.1946,,
Smith,1970,n-butane,40,,0.275789793,71.11111111,160,344.2611111,,,16.6,0.206,,
Smith,1970,n-butane,14.7,,0.101352749,104.4444444,220,377.5944444,,,11.61,0.1441,,
Smith,1970,n-butane,20,,0.137894897,104.4444444,220,377.5944444,,,11.76,0.1459,,
Smith,1970,n-butane,40,,0.275789793,104.4444444,220,377.5944444,,,12.35,0.1533,,
Roebuck,1935,nitrogen,,1,0.101325,300,,573.15,,,0.133234641,,0.0135,
Roebuck,1935,nitrogen,,1,0.101325,250,,523.15,,,0.315815445,,0.032,
Roebuck,1935,nitrogen,,1,0.101325,200,,473.15,,,0.532938564,,0.054,
Roebuck,1935,nitrogen,,1,0.101325,150,,423.15,,,0.829015544,,0.084,
Roebuck,1935,nitrogen,,1,0.101325,125,,398.15,,,1.021465581,,0.1035,
Roebuck,1935,nitrogen,,1,0.101325,100,,373.15,,,1.233654083,,0.125,
Roebuck,1935,nitrogen,,1,0.101325,75,,348.15,,,1.485319516,,0.1505,
Roebuck,1935,nitrogen,,1,0.101325,50,,323.15,,,1.771527264,,0.1795,
Roebuck,1935,nitrogen,,1,0.101325,25,,298.15,,,2.116950407,,0.2145,
Roebuck,1935,nitrogen,,1,0.101325,0,,273.15,,,2.536392795,,0.257,
Roebuck,1935,nitrogen,,1,0.101325,-25,,248.15,,,3.079200592,,0.312,
Roebuck,1935,nitrogen,,1,0.101325,-50,,223.15,,,3.789785344,,0.384,
Roebuck,1935,nitrogen,,1,0.101325,-75,,198.15,,,4.806316309,,0.487,
Roebuck,1935,nitrogen,,1,0.101325,-87.5,,185.65,,,5.452751049,,0.5525,
Roebuck,1935,nitrogen,,1,0.101325,-100,,173.15,,,6.197878115,,0.628,
Roebuck,1935,nitrogen,,1,0.101325,-112.5,,160.65,,,7.095978288,,0.719,
Roebuck,1935,nitrogen,,1,0.101325,-125,,148.15,,,8.171724648,,0.828,
Roebuck,1935,nitrogen,,1,0.101325,-137.5,,135.65,,,9.523809524,,0.965,
Roebuck,1935,nitrogen,,1,0.101325,-150,,123.15,,,12.08981002,,1.225,
Roebuck,1935,nitrogen,,1,0.101325,-160,,113.15,,,15.59338761,,1.58,
Roebuck,1935,nitrogen,,1,0.101325,-170,,103.15,,,19.14631137,,1.94,
Roebuck,1935,nitrogen,,1,0.101325,-180,,93.15,,,22.84727362,,2.315,
Roebuck,1935,nitrogen,,20,2.0265,300,,573.15,,,0.09375771,,0.0095,
Roebuck,1935,nitrogen,,20,2.0265,250,,523.15,,,0.246730817,,0.025,
Roebuck,1935,nitrogen,,20,2.0265,200,,473.15,,,0.453984703,,0.046,
Roebuck,1935,nitrogen,,20,2.0265,150,,423.15,,,0.745127066,,0.0755,
Roebuck,1935,nitrogen,,20,2.0265,125,,398.15,,,0.932642487,,0.0945,
Roebuck,1935,nitrogen,,20,2.0265,100,,373.15,,,1.125092524,,0.114,
Roebuck,1935,nitrogen,,20,2.0265,75,,348.15,,,1.361954108,,0.138,
Roebuck,1935,nitrogen,,20,2.0265,50,,323.15,,,1.638292623,,0.166,
Roebuck,1935,nitrogen,,20,2.0265,25,,298.15,,,1.973846533,,0.2,
Roebuck,1935,nitrogen,,20,2.0265,0,,273.15,,,2.388354305,,0.242,
Roebuck,1935,nitrogen,,20,2.0265,-25,,248.15,,,2.886750555,,0.2925,
Roebuck,1935,nitrogen,,20,2.0265,-50,,223.15,,,3.577596842,,0.3625,
Roebuck,1935,nitrogen,,20,2.0265,-75,,198.15,,,4.475697015,,0.4535,
Roebuck,1935,nitrogen,,20,2.0265,-87.5,,185.65,,,5.028374044,,0.5095,
Roebuck,1935,nitrogen,,20,2.0265,-100,,173.15,,,5.709351098,,0.5785,
Roebuck,1935,nitrogen,,20,2.0265,-112.5,,160.65,,,6.558105107,,0.6645,
Roebuck,1935,nitrogen,,20,2.0265,-125,,148.15,,,7.623982235,,0.7725,
Roebuck,1935,nitrogen,,20,2.0265,-137.5,,135.65,,,8.981001727,,0.91,
Roebuck,1935,nitrogen,,20,2.0265,-150,,123.15,,,10.82654824,,1.097,
Roebuck,1935,nitrogen,,20,2.0265,-160,,113.15,,,0.720453985,,0.073,
Roebuck,1935,nitrogen,,20,2.0265,-170,,103.15,,,-0.074019245,,-0.0075,
Roebuck,1935,nitrogen,,33.5,3.3943875,300,,573.15,,,0.049346163,,0.005,
Roebuck,1935,nitrogen,,33.5,3.3943875,250,,523.15,,,0.222057735,,0.0225,
Roebuck,1935,nitrogen,,33.5,3.3943875,200,,473.15,,,0.414507772,,0.042,
Roebuck,1935,nitrogen,,33.5,3.3943875,150,,423.15,,,0.705650136,,0.0715,
Roebuck,1935,nitrogen,,33.5,3.3943875,125,,398.15,,,0.868492475,,0.088,
Roebuck,1935,nitrogen,,33.5,3.3943875,100,,373.15,,,1.056007895,,0.107,
Roebuck,1935,nitrogen,,33.5,3.3943875,75,,348.15,,,1.283000247,,0.13,
Roebuck,1935,nitrogen,,33.5,3.3943875,50,,323.15,,,1.554404145,,0.1575,
Roebuck,1935,nitrogen,,33.5,3.3943875,25,,298.15,,,1.880088823,,0.1905,
Roebuck,1935,nitrogen,,33.5,3.3943875,0,,273.15,,,2.279792746,,0.231,
Roebuck,1935,nitrogen,,33.5,3.3943875,-25,,248.15,,,2.738712065,,0.2775,
Roebuck,1935,nitrogen,,33.5,3.3943875,-50,,223.15,,,3.325931409,,0.337,
Roebuck,1935,nitrogen,,33.5,3.3943875,-75,,198.15,,,4.14507772,,0.42,
Roebuck,1935,nitrogen,,33.5,3.3943875,-87.5,,185.65,,,4.668147052,,0.473,
Roebuck,1935,nitrogen,,33.5,3.3943875,-100,,173.15,,,5.284974093,,0.5355,
Roebuck,1935,nitrogen,,33.5,3.3943875,-112.5,,160.65,,,5.970885764,,0.605,
Roebuck,1935,nitrogen,,33.5,3.3943875,-125,,148.15,,,6.780162842,,0.687,
Roebuck,1935,nitrogen,,33.5,3.3943875,-137.5,,135.65,,,7.80656304,,0.791,
Roebuck,1935,nitrogen,,33.5,3.3943875,-150,,123.15,,,1.751788798,,0.1775,
Roebuck,1935,nitrogen,,33.5,3.3943875,-160,,113.15,,,0.325684678,,0.033,
Roebuck,1935,nitrogen,,33.5,3.3943875,-170,,103.15,,,-0.355292376,,-0.036,
Roebuck,1935,nitrogen,,60,6.0795,250,,523.15,,,0.157907723,,0.016,
Roebuck,1935,nitrogen,,60,6.0795,200,,473.15,,,0.360226992,,0.0365,
Roebuck,1935,nitrogen,,60,6.0795,150,,423.15,,,0.606957809,,0.0615,
Roebuck,1935,nitrogen,,60,6.0795,125,,398.15,,,0.759930915,,0.077,
Roebuck,1935,nitrogen,,60,6.0795,100,,373.15,,,0.94251172,,0.0955,
Roebuck,1935,nitrogen,,60,6.0795,75,,348.15,,,1.149765606,,0.1165,
Roebuck,1935,nitrogen,,60,6.0795,50,,323.15,,,1.396496422,,0.1415,
Roebuck,1935,nitrogen,,60,6.0795,25,,298.15,,,1.667900321,,0.169,
Roebuck,1935,nitrogen,,60,6.0795,0,,273.15,,,2.013323464,,0.204,
Roebuck,1935,nitrogen,,60,6.0795,-25,,248.15,,,2.442635085,,0.2475,
Roebuck,1935,nitrogen,,60,6.0795,-50,,223.15,,,2.955835184,,0.2995,
Roebuck,1935,nitrogen,,60,6.0795,-75,,198.15,,,3.592400691,,0.364,
Roebuck,1935,nitrogen,,60,6.0795,-87.5,,185.65,,,3.967431532,,0.402,
Roebuck,1935,nitrogen,,60,6.0795,-100,,173.15,,,4.372070072,,0.443,
Roebuck,1935,nitrogen,,60,6.0795,-112.5,,160.65,,,4.816185542,,0.488,
Roebuck,1935,nitrogen,,60,6.0795,-125,,148.15,,,4.880335554,,0.4945,
Roebuck,1935,nitrogen,,60,6.0795,-137.5,,135.65,,,2.467308167,,0.25,
Roebuck,1935,nitrogen,,60,6.0795,-150,,123.15,,,0.611892425,,0.062,
Roebuck,1935,nitrogen,,60,6.0795,-160,,113.15,,,0.074019245,,0.0075,
Roebuck,1935,nitrogen,,100,10.1325,300,,573.15,,,-0.069084629,,-0.007,
Roebuck,1935,nitrogen,,100,10.1325,250,,523.15,,,0.074019245,,0.0075,
Roebuck,1935,nitrogen,,100,10.1325,200,,473.15,,,0.256600049,,0.026,
Roebuck,1935,nitrogen,,100,10.1325,150,,423.15,,,0.473723168,,0.048,
Roebuck,1935,nitrogen,,100,10.1325,125,,398.15,,,0.606957809,,0.0615,
Roebuck,1935,nitrogen,,100,10.1325,100,,373.15,,,0.750061683,,0.076,
Roebuck,1935,nitrogen,,100,10.1325,75,,348.15,,,0.917838638,,0.093,
Roebuck,1935,nitrogen,,100,10.1325,50,,323.15,,,1.134961757,,0.115,
Roebuck,1935,nitrogen,,100,10.1325,25,,298.15,,,1.361954108,,0.138,
Roebuck,1935,nitrogen,,100,10.1325,0,,273.15,,,1.638292623,,0.166,
Roebuck,1935,nitrogen,,100,10.1325,-25,,248.15,,,1.949173452,,0.1975,
Roebuck,1935,nitrogen,,100,10.1325,-50,,223.15,,,2.284727362,,0.2315,
Roebuck,1935,nitrogen,,100,10.1325,-75,,198.15,,,2.644954355,,0.268,
Roebuck,1935,nitrogen,,100,10.1325,-87.5,,185.65,,,2.788058228,,0.2825,
Roebuck,1935,nitrogen,,100,10.1325,-100,,173.15,,,2.773254379,,0.281,
Roebuck,1935,nitrogen,,100,10.1325,-112.5,,160.65,,,2.343942758,,0.2375,
Roebuck,1935,nitrogen,,100,10.1325,-125,,148.15,,,1.455711818,,0.1475,
Roebuck,1935,nitrogen,,100,10.1325,-137.5,,135.65,,,0.676042438,,0.0685,
Roebuck,1935,nitrogen,,100,10.1325,-150,,123.15,,,0.212188502,,0.0215,
Roebuck,1935,nitrogen,,100,10.1325,-160,,113.15,,,-0.074019245,,-0.0075,
Roebuck,1935,nitrogen,,140,14.1855,300,,575.15,,,-0.118430792,,-0.012,
Roebuck,1935,nitrogen,,140,14.1855,250,,523.15,,,0.014803849,,0.0015,
Roebuck,1935,nitrogen,,140,14.1855,200,,473.15,,,0.167776955,,0.017,
Roebuck,1935,nitrogen,,140,14.1855,150,,423.15,,,0.345423143,,0.035,
Roebuck,1935,nitrogen,,140,14.1855,125,,398.15,,,0.453984703,,0.046,
Roebuck,1935,nitrogen,,140,14.1855,100,,373.15,,,0.572415495,,0.058,
Roebuck,1935,nitrogen,,140,14.1855,75,,348.15,,,0.725388601,,0.0735,
Roebuck,1935,nitrogen,,140,14.1855,50,,323.15,,,0.898100173,,0.091,
Roebuck,1935,nitrogen,,140,14.1855,25,,298.15,,,1.085615593,,0.11,
Roebuck,1935,nitrogen,,140,14.1855,0,,273.15,,,1.292869479,,0.131,
Roebuck,1935,nitrogen,,140,14.1855,-25,,248.15,,,1.490254133,,0.151,
Roebuck,1935,nitrogen,,140,14.1855,-50,,223.15,,,0.167283494,,0.01695,
Roebuck,1935,nitrogen,,140,14.1855,-75,,198.15,,,1.746854182,,0.177,
Roebuck,1935,nitrogen,,140,14.1855,-87.5,,185.65,,,1.653096472,,0.1675,
Roebuck,1935,nitrogen,,140,14.1855,-100,,173.15,,,1.406365655,,0.1425,
Roebuck,1935,nitrogen,,140,14.1855,-112.5,,160.65,,,0.967184801,,0.098,
Roebuck,1935,nitrogen,,140,14.1855,-125,,148.15,,,0.523069331,,0.053,
Roebuck,1935,nitrogen,,140,14.1855,-137.5,,135.65,,,0.207253886,,0.021,
Roebuck,1935,nitrogen,,140,14.1855,-150,,123.15,,,-0.024673082,,-0.0025,
Roebuck,1935,nitrogen,,140,14.1855,-160,,123.15,,,-0.157907723,,-0.016,
Roebuck,1935,nitrogen,,180,18.2385,300,,573.15,,,-0.14803849,,-0.015,
Roebuck,1935,nitrogen,,180,18.2385,250,,523.15,,,-0.029607698,,-0.003,
Roebuck,1935,nitrogen,,180,18.2385,200,,473.15,,,0.098692327,,0.01,
Roebuck,1935,nitrogen,,180,18.2385,150,,423.15,,,0.246730817,,0.025,
Roebuck,1935,nitrogen,,180,18.2385,125,,398.15,,,0.340488527,,0.0345,
Roebuck,1935,nitrogen,,180,18.2385,100,,373.15,,,0.453984703,,0.046,
Roebuck,1935,nitrogen,,180,18.2385,75,,348.15,,,0.572415495,,0.058,
Roebuck,1935,nitrogen,,180,18.2385,50,,323.15,,,0.720453985,,0.073,
Roebuck,1935,nitrogen,,180,18.2385,25,,298.15,,,0.863557858,,0.0875,
Roebuck,1935,nitrogen,,180,18.2385,0,,273.15,,,1.006661732,,0.102,
Roebuck,1935,nitrogen,,180,18.2385,-25,,248.15,,,1.105354059,,0.112,
Roebuck,1935,nitrogen,,180,18.2385,-50,,223.15,,,1.139896373,,0.1155,
Roebuck,1935,nitrogen,,180,18.2385,-75,,198.15,,,1.075746361,,0.109,
Roebuck,1935,nitrogen,,180,18.2385,-87.5,,185.65,,,0.967184801,,0.098,
Roebuck,1935,nitrogen,,180,18.2385,-100,,173.15,,,0.789538613,,0.08,
Roebuck,1935,nitrogen,,180,18.2385,-112.5,,160.65,,,0.508265482,,0.0515,
Roebuck,1935,nitrogen,,180,18.2385,-125,,148.15,,,0.197384653,,0.02,
Roebuck,1935,nitrogen,,180,18.2385,-137.5,,135.65,,,-0.039476931,,-0.004,
Roebuck,1935,nitrogen,,180,18.2385,-150,,123.15,,,-0.177646188,,-0.018,
Roebuck,1935,nitrogen,,180,18.2385,-160,,113.15,,,-0.231926968,,-0.0235,
Roebuck,1935,nitrogen,,200,20.265,300,,573.15,,,-0.157907723,,-0.016,
Roebuck,1935,nitrogen,,200,20.265,250,,523.15,,,-0.049346163,,-0.005,
Roebuck,1935,nitrogen,,200,20.265,200,,473.15,,,0.074019245,,0.0075,
Roebuck,1935,nitrogen,,200,20.265,150,,423.15,,,0.222057735,,0.0225,
Roebuck,1935,nitrogen,,200,20.265,125,,398.15,,,0.315815445,,0.032,
Roebuck,1935,nitrogen,,200,20.265,100,,373.15,,,0.406612386,,0.0412,
Roebuck,1935,nitrogen,,200,20.265,75,,348.15,,,0.528003948,,0.0535,
Roebuck,1935,nitrogen,,200,20.265,50,,323.15,,,0.651369356,,0.066,
Roebuck,1935,nitrogen,,200,20.265,25,,298.15,,,0.769800148,,0.078,
Roebuck,1935,nitrogen,,200,20.265,0,,273.15,,,0.88823094,,0.09,
Roebuck,1935,nitrogen,,200,20.265,-25,,248.15,,,0.937577103,,0.095,
Roebuck,1935,nitrogen,,200,20.265,-50,,223.15,,,0.927707871,,0.094,
Roebuck,1935,nitrogen,,200,20.265,-75,,198.15,,,0.829015544,,0.084,
Roebuck,1935,nitrogen,,200,20.265,-87.5,,185.65,,,0.750061683,,0.076,
Roebuck,1935,nitrogen,,200,20.265,-100,,173.15,,,0.611892425,,0.062,
Roebuck,1935,nitrogen,,200,20.265,-112.5,,160.65,,,0.370096225,,0.0375,
Roebuck,1935,nitrogen,,200,20.265,-125,,148.15,,,0.006908463,,0.0007,
Roebuck,1935,nitrogen,,200,20.265,-137.5,,135.65,,,-0.138169257,,-0.014,
Roebuck,1935,nitrogen,,200,20.265,-150,,123.15,,,-0.251665433,,-0.0255,
Roebuck,1935,nitrogen,,200,20.265,-160,,113.15,,,-0.291142364,,-0.0295,
Roebuck,1934,argon,,1,0.101325,300,,573.15,,,0.611892425,,0.062,
Roebuck,1934,argon,,1,0.101325,250,,523.15,,,0.935603257,,0.0948,
Roebuck,1934,argon,,1,0.101325,200,,473.15,,,1.312607945,,0.133,
Roebuck,1934,argon,,1,0.101325,150,,423.15,,,1.753762645,,0.1777,
Roebuck,1934,argon,,1,0.101325,125,,398.15,,,2.008388848,,0.2035,
Roebuck,1934,argon,,1,0.101325,100,,373.15,,,2.309400444,,0.234,
Roebuck,1934,argon,,1,0.101325,75,,348.15,,,2.654823587,,0.269,
Roebuck,1934,argon,,1,0.101325,50,,323.15,,,3.074265976,,0.3115,
Roebuck,1934,argon,,1,0.101325,25,,298.15,,,3.543054528,,0.359,
Roebuck,1934,argon,,1,0.101325,0,,273.15,,,4.115470022,,0.417,
Roebuck,1934,argon,,1,0.101325,-25,,248.15,,,4.826054774,,0.489,
Roebuck,1934,argon,,1,0.101325,-50,,223.15,,,5.689612633,,0.5765,
Roebuck,1934,argon,,1,0.101325,-75,,198.15,,,6.757463607,,0.6847,
Roebuck,1934,argon,,1,0.101325,-87.5,,185.65,,,7.426597582,,0.7525,
Roebuck,1934,argon,,1,0.101325,-100,,173.15,,,8.226005428,,0.8335,
Roebuck,1934,argon,,1,0.101325,-112.5,,160.65,,,9.222797927,,0.9345,
Roebuck,1934,argon,,1,0.101325,-125,,148.15,,,10.61534666,,1.0756,
Roebuck,1934,argon,,1,0.101325,-137.5,,135.65,,,12.76091784,,1.293,
Roebuck,1934,argon,,1,0.101325,-150,,123.15,,,17.27411794,,1.7503,
Roebuck,1934,argon,,1,0.101325,-160,,113.15,,,22.84727362,,2.315,
Roebuck,1934,argon,,1,0.101325,-170,,103.15,,,29.75573649,,3.015,
Roebuck,1934,argon,,20,2.0265,300,,573.15,,,0.572415495,,0.058,
Roebuck,1934,argon,,20,2.0265,250,,523.15,,,0.872440168,,0.0884,
Roebuck,1934,argon,,20,2.0265,200,,473.15,,,1.218850234,,0.1235,
Roebuck,1934,argon,,20,2.0265,150,,423.15,,,1.633358006,,0.1655,
Roebuck,1934,argon,,20,2.0265,125,,398.15,,,1.880088823,,0.1905,
Roebuck,1934,argon,,20,2.0265,100,,373.15,,,2.151492721,,0.218,
Roebuck,1934,argon,,20,2.0265,75,,348.15,,,2.496915865,,0.253,
Roebuck,1934,argon,,20,2.0265,50,,323.15,,,2.896619788,,0.2935,
Roebuck,1934,argon,,20,2.0265,25,,298.15,,,3.347643721,,0.3392,
Roebuck,1934,argon,,20,2.0265,0,,273.15,,,3.395016038,,0.344,
Roebuck,1934,argon,,20,2.0265,-25,,248.15,,,4.569454725,,0.463,
Roebuck,1934,argon,,20,2.0265,-50,,223.15,,,5.378731804,,0.545,
Roebuck,1934,argon,,20,2.0265,-75,,198.15,,,6.36565507,,0.645,
Roebuck,1934,argon,,20,2.0265,-87.5,,185.65,,,6.967678263,,0.706,
Roebuck,1934,argon,,20,2.0265,-100,,173.15,,,7.678263015,,0.778,
Roebuck,1934,argon,,20,2.0265,-112.5,,160.65,,,8.650382433,,0.8765,
Roebuck,1934,argon,,20,2.0265,-125,,148.15,,,10.02220577,,1.0155,
Roebuck,1934,argon,,20,2.0265,-137.5,,135.65,,,12.70663706,,1.2875,
Roebuck,1934,argon,,60,6.0795,300,,573.15,,,0.515173945,,0.0522,
Roebuck,1934,argon,,60,6.0795,250,,523.15,,,0.759930915,,0.077,
Roebuck,1934,argon,,60,6.0795,200,,473.15,,,1.065877128,,0.108,
Roebuck,1934,argon,,60,6.0795,150,,423.15,,,1.438934123,,0.1458,
Roebuck,1934,argon,,60,6.0795,125,,398.15,,,1.655070318,,0.1677,
Roebuck,1934,argon,,60,6.0795,100,,373.15,,,1.901801135,,0.1927,
Roebuck,1934,argon,,60,6.0795,75,,348.15,,,2.205773501,,0.2235,
Roebuck,1934,argon,,60,6.0795,50,,323.15,,,2.563039724,,0.2597,
Roebuck,1934,argon,,60,6.0795,25,,298.15,,,2.9607698,,0.3,
Roebuck,1934,argon,,60,6.0795,0,,273.15,,,3.452257587,,0.3498,
Roebuck,1934,argon,,60,6.0795,-25,,248.15,,,4.066123859,,0.412,
Roebuck,1934,argon,,60,6.0795,-50,,223.15,,,4.814211695,,0.4878,
Roebuck,1934,argon,,60,6.0795,-75,,198.15,,,5.691586479,,0.5767,
Roebuck,1934,argon,,60,6.0795,-87.5,,185.65,,,6.192943499,,0.6275,
Roebuck,1934,argon,,60,6.0795,-100,,173.15,,,6.750555144,,0.684,
Roebuck,1934,argon,,60,6.0795,-112.5,,160.65,,,6.587712805,,0.6675,
Roebuck,1934,argon,,60,6.0795,-125,,148.15,,,1.260301012,,0.1277,
Roebuck,1934,argon,,60,6.0795,-137.5,,135.65,,,0.182580804,,0.0185,
Roebuck,1934,argon,,60,6.0795,-150,,123.15,,,-0.039476931,,-0.004,
Roebuck,1934,argon,,100,10.1325,300,,573.15,,,0.439180854,,0.0445,
Roebuck,1934,argon,,100,10.1325,250,,523.15,,,0.6405132,,0.0649,
Roebuck,1934,argon,,100,10.1325,200,,473.15,,,0.922773254,,0.0935,
Roebuck,1934,argon,,100,10.1325,150,,423.15,,,1.258327165,,0.1275,
Roebuck,1934,argon,,100,10.1325,125,,398.15,,,1.458672588,,0.1478,
Roebuck,1934,argon,,100,10.1325,100,,373.15,,,1.692573402,,0.1715,
Roebuck,1934,argon,,100,10.1325,75,,348.15,,,1.949173452,,0.1975,
Roebuck,1934,argon,,100,10.1325,50,,323.15,,,2.235381199,,0.2265,
Roebuck,1934,argon,,100,10.1325,25,,298.15,,,2.551196644,,0.2585,
Roebuck,1934,argon,,100,10.1325,0,,273.15,,,2.955835184,,0.2995,
Roebuck,1934,argon,,100,10.1325,-25,,248.15,,,3.414754503,,0.346,
Roebuck,1934,argon,,100,10.1325,-50,,223.15,,,3.882556131,,0.3934,
Roebuck,1934,argon,,100,10.1325,-75,,198.15,,,4.228966198,,0.4285,
Roebuck,1934,argon,,100,10.1325,-87.5,,185.65,,,3.967431532,,0.402,
Roebuck,1934,argon,,100,10.1325,-100,,173.15,,,2.931162102,,0.297,
Roebuck,1934,argon,,100,10.1325,-112.5,,160.65,,,1.208981002,,0.1225,
Roebuck,1934,argon,,100,10.1325,-125,,148.15,,,0.424377005,,0.043,
Roebuck,1934,argon,,100,10.1325,-137.5,,135.65,,,0,,0,
Roebuck,1934,argon,,100,10.1325,-150,,123.15,,,-0.234887737,,-0.0238,
Roebuck,1934,argon,,140,14.1855,300,,573.15,,,0.370096225,,0.0375,
Roebuck,1934,argon,,140,14.1855,250,,523.15,,,0.544781643,,0.0552,
Roebuck,1934,argon,,140,14.1855,200,,473.15,,,0.79151246,,0.0802,
Roebuck,1934,argon,,140,14.1855,150,,423.15,,,1.100419442,,0.1115,
Roebuck,1934,argon,,140,14.1855,125,,398.15,,,1.273131014,,0.129,
Roebuck,1934,argon,,140,14.1855,100,,373.15,,,1.460646435,,0.148,
Roebuck,1934,argon,,140,14.1855,75,,348.15,,,1.656057242,,0.1678,
Roebuck,1934,argon,,140,14.1855,50,,323.15,,,1.894892672,,0.192,
Roebuck,1934,argon,,140,14.1855,25,,298.15,,,2.148531952,,0.2177,
Roebuck,1934,argon,,140,14.1855,0,,273.15,,,2.442635085,,0.2475,
Roebuck,1934,argon,,140,14.1855,-25,,248.15,,,2.714038983,,0.275,
Roebuck,1934,argon,,140,14.1855,-50,,223.15,,,2.862077473,,0.29,
Roebuck,1934,argon,,140,14.1855,-75,,198.15,,,2.494942018,,0.2528,
Roebuck,1934,argon,,140,14.1855,-87.5,,185.65,,,1.944238835,,0.197,
Roebuck,1934,argon,,140,14.1855,-100,,173.15,,,1.210954848,,0.1227,
Roebuck,1934,argon,,140,14.1855,-112.5,,160.65,,,0.536886257,,0.0544,
Roebuck,1934,argon,,140,14.1855,-125,,148.15,,,0.075993092,,0.0077,
Roebuck,1934,argon,,140,14.1855,-137.5,,135.65,,,-0.192450037,,-0.0195,
Roebuck,1934,argon,,140,14.1855,-150,,123.15,,,-0.384900074,,-0.039,
Roebuck,1934,argon,,180,18.2385,300,,573.15,,,0.314828522,,0.0319,
Roebuck,1934,argon,,180,18.2385,250,,523.15,,,0.470762398,,0.0477,
Roebuck,1934,argon,,180,18.2385,200,,473.15,,,0.704663212,,0.0714,
Roebuck,1934,argon,,180,18.2385,150,,423.15,,,0.962250185,,0.0975,
Roebuck,1934,argon,,180,18.2385,125,,398.15,,,1.111275598,,0.1126,
Roebuck,1934,argon,,180,18.2385,100,,373.15,,,1.294843326,,0.1312,
Roebuck,1934,argon,,180,18.2385,75,,348.15,,,1.495188749,,0.1515,
Roebuck,1934,argon,,180,18.2385,50,,323.15,,,1.681717246,,0.1704,
Roebuck,1934,argon,,180,18.2385,25,,298.15,,,1.861337281,,0.1886,
Roebuck,1934,argon,,180,18.2385,0,,273.15,,,2.02121885,,0.2048,
Roebuck,1934,argon,,180,18.2385,-25,,248.15,,,2.12681964,,0.2155,
Roebuck,1934,argon,,180,18.2385,-50,,223.15,,,2.082408093,,0.211,
Roebuck,1934,argon,,180,18.2385,-75,,198.15,,,1.556377992,,0.1577,
Roebuck,1934,argon,,180,18.2385,-87.5,,185.65,,,1.070811744,,0.1085,
Roebuck,1934,argon,,180,18.2385,-100,,173.15,,,0.584258574,,0.0592,
Roebuck,1934,argon,,180,18.2385,-112.5,,160.65,,,0.226992351,,0.023,
Roebuck,1934,argon,,180,18.2385,-125,,148.15,,,-0.057241549,,-0.0058,
Roebuck,1934,argon,,180,18.2385,-137.5,,135.65,,,-0.310880829,,-0.0315,
Roebuck,1934,argon,,180,18.2385,-150,,123.15,,,-0.532938564,,-0.054,
Roebuck,1934,argon,,200,20.265,300,,573.15,,,0.276338515,,0.028,
Roebuck,1934,argon,,200,20.265,250,,523.15,,,0.468788552,,0.0475,
Roebuck,1934,argon,,200,20.265,200,,473.15,,,0.671107821,,0.068,
Roebuck,1934,argon,,200,20.265,150,,423.15,,,0.952380952,,0.0965,
Roebuck,1934,argon,,200,20.265,125,,398.15,,,1.085615593,,0.11,
Roebuck,1934,argon,,200,20.265,100,,373.15,,,1.243523316,,0.126,
Roebuck,1934,argon,,200,20.265,75,,348.15,,,1.398470269,,0.1417,
Roebuck,1934,argon,,200,20.265,50,,323.15,,,1.554404145,,0.1575,
Roebuck,1934,argon,,200,20.265,25,,298.15,,,1.705403405,,0.1728,
Roebuck,1934,argon,,200,20.265,0,,273.15,,,1.846533432,,0.1871,
Roebuck,1934,argon,,200,20.265,-25,,248.15,,,1.941278066,,0.1967,
Roebuck,1934,argon,,200,20.265,-50,,223.15,,,1.852454972,,0.1877,
Roebuck,1934,argon,,200,20.265,-75,,198.15,,,1.294843326,,0.1312,
Roebuck,1934,argon,,200,20.265,-87.5,,185.65,,,0.807303232,,0.0818,
Roebuck,1934,argon,,200,20.265,-100,,173.15,,,0.419442388,,0.0425,
Roebuck,1934,argon,,200,20.265,-112.5,,160.65,,,0.128300025,,0.013,
Roebuck,1934,argon,,200,20.265,-125,,148.15,,,-0.108561559,,-0.011,
Roebuck,1934,argon,,200,20.265,-137.5,,135.65,,,-0.325684678,,-0.033,
Roebuck,1934,argon,,200,20.265,-150,,123.15,,,-0.542807797,,-0.055,
Roebuck,1926,air,,1,0.101325,0,,273.15,,,2.628176659,,0.2663,
Roebuck,1926,air,,20,2.0265,0,,273.15,,,2.461386627,,0.2494,
Roebuck,1926,air,,60,6.0795,0,,273.15,,,2.114976561,,0.2143,
Roebuck,1926,air,,100,10.1325,0,,273.15,,,1.758697261,,0.1782,
Roebuck,1926,air,,140,14.1855,0,,273.15,,,1.42610412,,0.1445,
Roebuck,1926,air,,180,18.2385,0,,273.15,,,1.110288675,,0.1125,
Roebuck,1926,air,,220,22.2915,0,,273.15,,,0.801381693,,0.0812,
Roebuck,1926,air,,1,0.101325,25,,298.15,,,2.239328892,,0.2269,
Roebuck,1926,air,,20,2.0265,25,,298.15,,,2.088329632,,0.2116,
Roebuck,1926,air,,60,6.0795,25,,298.15,,,1.791265729,,0.1815,
Roebuck,1926,air,,100,10.1325,25,,298.15,,,1.497162596,,0.1517,
Roebuck,1926,air,,140,14.1855,25,,298.15,,,1.220824081,,0.1237,
Roebuck,1926,air,,180,18.2385,25,,298.15,,,0.961263262,,0.0974,
Roebuck,1926,air,,220,22.2915,25,,298.15,,,0.708610906,,0.0718,
Roebuck,1926,air,,1,0.101325,50,,323.15,,,1.862324204,,0.1887,
Roebuck,1926,air,,20,2.0265,50,,323.15,,,1.753762645,,0.1777,
Roebuck,1926,air,,60,6.0795,50,,323.15,,,1.507031828,,0.1527,
Roebuck,1926,air,,100,10.1325,50,,323.15,,,1.266222551,,0.1283,
Roebuck,1926,air,,140,14.1855,50,,323.15,,,1.03330866,,0.1047,
Roebuck,1926,air,,180,18.2385,50,,323.15,,,0.822107081,,0.0833,
Roebuck,1926,air,,220,22.2915,50,,323.15,,,0.618800888,,0.0627,
Roebuck,1926,air,,1,0.101325,75,,348.15,,,1.560325685,,0.1581,
Roebuck,1926,air,,20,2.0265,75,,348.15,,,1.470515667,,0.149,
Roebuck,1926,air,,60,6.0795,75,,348.15,,,1.258327165,,0.1275,
Roebuck,1926,air,,100,10.1325,75,,348.15,,,1.058968665,,0.1073,
Roebuck,1926,air,,140,14.1855,75,,348.15,,,0.863557858,,0.0875,
Roebuck,1926,air,,180,18.2385,75,,348.15,,,0.789538613,,0.08,
Roebuck,1926,air,,220,22.2915,75,,348.15,,,0.534912411,,0.0542,
Roebuck,1926,air,,1,0.101325,100,,373.15,,,1.309647175,,0.1327,
Roebuck,1926,air,,20,2.0265,100,,373.15,,,1.227732544,,0.1244,
Roebuck,1926,air,,60,6.0795,100,,373.15,,,1.043177893,,0.1057,
Roebuck,1926,air,,100,10.1325,100,,373.15,,,0.878361707,,0.089,
Roebuck,1926,air,,140,14.1855,100,,373.15,,,0.713545522,,0.0723,
Roebuck,1926,air,,180,18.2385,100,,373.15,,,0.570441648,,0.0578,
Roebuck,1926,air,,220,22.2915,100,,373.15,,,0.446089317,,0.0452,
Roebuck,1926,air,,1,0.101325,150,,423.15,,,0.914877868,,0.0927,
Roebuck,1926,air,,20,2.0265,150,,423.15,,,0.844806316,,0.0856,
Roebuck,1926,air,,60,6.0795,150,,423.15,,,0.698741673,,0.0708,
Roebuck,1926,air,,100,10.1325,150,,423.15,,,0.579323958,,0.0587,
Roebuck,1926,air,,140,14.1855,150,,423.15,,,0.460893166,,0.0467,
Roebuck,1926,air,,180,18.2385,150,,423.15,,,0.361213916,,0.0366,
Roebuck,1926,air,,220,22.2915,150,,423.15,,,0.282260054,,0.0286,
Roebuck,1926,air,,1,0.101325,200,,473.15,,,0.616827042,,0.0625,
Roebuck,1926,air,,20,2.0265,200,,473.15,,,0.556624722,,0.0564,
Roebuck,1926,air,,60,6.0795,200,,473.15,,,0.4411547,,0.0447,
Roebuck,1926,air,,100,10.1325,200,,473.15,,,0.342462374,,0.0347,
Roebuck,1926,air,,140,14.1855,200,,473.15,,,0.254626203,,0.0258,
Roebuck,1926,air,,180,18.2385,200,,473.15,,,0.182580804,,0.0185,
Roebuck,1926,air,,220,22.2915,200,,473.15,,,0.125339255,,0.0127,
Roebuck,1926,air,,1,0.101325,250,,523.15,,,0.396743153,,0.0402,
Roebuck,1926,air,,20,2.0265,250,,523.15,,,0.34147545,,0.0346,
Roebuck,1926,air,,60,6.0795,250,,523.15,,,0.24771774,,0.0251,
Roebuck,1926,air,,100,10.1325,250,,523.15,,,0.161855416,,0.0164,
Roebuck,1926,air,,140,14.1855,250,,523.15,,,0.091783864,,0.0093,
Roebuck,1926,air,,180,18.2385,250,,523.15,,,0.026646928,,0.0027,
Roebuck,1926,air,,220,22.2915,250,,523.15,,,-0.019738465,,-0.002,
Roebuck,1926,air,,1,0.101325,280,,553.15,,,0.29311621,,0.0297,
Roebuck,1926,air,,20,2.0265,280,,553.15,,,0.242783124,,0.0246,
Roebuck,1926,air,,60,6.0795,280,,553.15,,,0.158894646,,0.0161,
Roebuck,1926,air,,100,10.1325,280,,553.15,,,0.076980015,,0.0078,
Roebuck,1926,air,,140,14.1855,280,,553.15,,,0.010856156,,0.0011,
Roebuck,1926,air,,180,18.2385,280,,553.15,,,-0.053293856,,-0.0054,
Roebuck,1926,air,,220,22.2915,280,,553.15,,,-0.108561559,,-0.011,
"(King, Potter)",1962,nitrogen,,4,0.4053,,,320.35,,,1.797187269,,0.1821,
"(King, Potter)",1962,nitrogen,,4,0.4053,,,345.67,,,1.499136442,,0.1519,
"(King, Potter)",1962,nitrogen,,4,0.4053,,,371.21,,,1.240562546,,0.1257,
"(King, Potter)",1962,nitrogen,,4,0.4053,,,396.54,,,1.047125586,,0.1061,
"(King, Potter)",1962,nitrogen,,4,0.4053,,,421.88,,,0.852701702,,0.0864,
"(King, Potter)",1962,nitrogen,,7,0.709275,,,320.89,,,1.772514187,,0.1796,
"(King, Potter)",1962,nitrogen,,7,0.709275,,,346.12,,,1.488280286,,0.1508,
"(King, Potter)",1962,nitrogen,,7,0.709275,,,371.58,,,1.224771774,,0.1241,
"(King, Potter)",1962,nitrogen,,7,0.709275,,,396.86,,,1.03034789,,0.1044,
"(King, Potter)",1962,nitrogen,,7,0.709275,,,422.14,,,0.841845547,,0.0853,
"(King, Potter)",1962,nitrogen,,10,1.01325,,,321.43,,,1.748828029,,0.1772,
"(King, Potter)",1962,nitrogen,,10,1.01325,,,346.02,,,1.476437207,,0.1496,
"(King, Potter)",1962,nitrogen,,10,1.01325,,,371.96,,,1.210954848,,0.1227,
"(King, Potter)",1962,nitrogen,,10,1.01325,,,397.17,,,1.014557118,,0.1028,
"(King, Potter)",1962,nitrogen,,10,1.01325,,,422.39,,,0.830989391,,0.0842,
Roebuck,1933,helium,,200,20.265,302.76,,575.91,,,-0.570441648,,-0.0578,
Roebuck,1933,helium,,200,20.265,253.16,,526.31,,,-0.601036269,,-0.0609,
Roebuck,1933,helium,,200,20.265,199.36,,472.51,,,-0.612879349,,-0.0621,
Roebuck,1933,helium,,200,20.265,152.91,,426.06,,,-0.615840118,,-0.0624,
Roebuck,1933,helium,,200,20.265,100.96,,374.11,,,-0.609918579,,-0.0618,
Roebuck,1933,helium,,200,20.265,75.74,,348.89,,,-0.606957809,,-0.0615,
Roebuck,1933,helium,,200,20.265,51.36,,324.51,,,-0.603010116,,-0.0611,
Roebuck,1933,helium,,200,20.265,24.28,,297.43,,,-0.596101653,,-0.0604,
Roebuck,1933,helium,,200,20.265,-0.11,,273.04,,,-0.588206267,,-0.0596,
Roebuck,1933,helium,,200,20.265,-48.17,,224.98,,,-0.578337034,,-0.0586,
Roebuck,1933,helium,,200,20.265,-100.96,,172.19,,,-0.557611646,,-0.0565,
Roebuck,1933,helium,,200,20.265,-138.01,,135.14,,,-0.516160868,,-0.0523,
Roebuck,1933,helium,,200,20.265,-156.3,,116.85,,,-0.480631631,,-0.0487,
Roebuck,1933,helium,,200,20.265,-184.3,,88.85,,,-0.393782383,,-0.0399,
Roebuck,1933,helium,,200,20.265,-192.3,,80.85,,,-0.363187762,,-0.0368,
Tkaczuk,2021,nitrogen,,,4.000699997,,,137.8550262,,,7.63521125464914,,,0.000197292742419
Tkaczuk,2021,nitrogen,,,3.000200081,,,129.2895203,,,9.61618892830292,,,0.006212114143171
Tkaczuk,2021,nitrogen,,,1.999799919,,,118.3375092,,,12.4184498435948,,,0.004364575729097
Tkaczuk,2021,nitrogen,,,1.000699997,,,104.0938416,,,16.3176300740889,,,0.000891713469781
Tkaczuk,2021,nitrogen,,,3.013500023,,,148.4072418,,,7.50255872539928,,,-0.010447625413978
Tkaczuk,2021,nitrogen,,,2.002400017,,,140.3767242,,,8.53310117179142,,,0.008187751078786
Tkaczuk,2021,nitrogen,,,3.998400116,,,149.0090485,,,6.88997554192248,,,-0.001526774473975
Tkaczuk,2021,nitrogen,,,2.985899925,,,141.4488068,,,8.03870683828456,,,0.015178994128097
Tkaczuk,2021,nitrogen,,,1.95340004,,,132.3999481,,,9.6312092199162,,,0.007466688821407
Tkaczuk,2021,nitrogen,,,5.002700043,,,150.3940582,,,6.08720307513183,,,-0.008579066569575
Tkaczuk,2021,nitrogen,,,4.011100006,,,143.7993011,,,7.26723186066558,,,-0.000583511084431
Tkaczuk,2021,nitrogen,,,7.011199951,,,153.4137573,,,4.1402454801744,,,-0.020085701241959
Tkaczuk,2021,nitrogen,,,5.997200012,,,148.9006195,,,4.98804574147152,,,-0.007138407874488
Tkaczuk,2021,nitrogen,,,5.006999969,,,143.3387756,,,6.05310902622325,,,0.007067292112973
Tkaczuk,2021,nitrogen,,,3.99469986,,,136.5501709,,,7.60078408056943,,,0.010792734057474
Tkaczuk,2021,nitrogen,,,3.016900063,,,128.1166687,,,9.74159022826488,,,0.005574385917487
Tkaczuk,2021,nitrogen,,,10.01320038,,,156.6169434,,,2.06023492668105,,,-0.000267306615579
Tkaczuk,2021,nitrogen,,,8.98259964,,,154.2699432,,,2.47432917494712,,,-0.001982124179385
Tkaczuk,2021,nitrogen,,,7.116000366,,,148.7578583,,,3.53605649413236,,,0.002572132464767
Tkaczuk,2021,nitrogen,,,6.083399963,,,144.6657257,,,4.40020690140305,,,0.006588226288425
Tkaczuk,2021,nitrogen,,,5.001100159,,,139.251358,,,5.68950437189028,,,0.006006896126817
Tkaczuk,2021,nitrogen,,,3.993899918,,,132.7064667,,,7.43136186383034,,,0.002590549022414
Tkaczuk,2021,argon,,,9.021099854,,,171.7108459,,,3.53054192250105,,,-0.006392416157488
Tkaczuk,2021,argon,,,8.045300293,,,168.0425415,,,4.04738960864484,,,0.002626809727039
Tkaczuk,2021,argon,,,7.020600128,,,163.5248413,,,4.74422310306522,,,0.006430897714838
Tkaczuk,2021,argon,,,5.979700089,,,158.1468811,,,5.67767996972394,,,0.009886956042106
Tkaczuk,2021,argon,,,2.998999977,,,165.6718597,,,9.14578684993744,,,0.008829203758917
Tkaczuk,2021,argon,,,1.973800087,,,155.6197662,,,10.5451411366989,,,0.018516254638417
Tkaczuk,2021,helium,,,3.918799973,,,67.63872986,,,-0.372889146098467,,,-0.029600283259245
Tkaczuk,2021,helium,,,3.083499908,,,68.28799744,,,-0.372889146098467,,,-0.066128131270897
Tkaczuk,2021,helium,,,2.99829998,,,66.78726654,,,-0.336790352090506,,,0.002690074104939
Tkaczuk,2021,helium,,,2.001300049,,,67.05940704,,,-0.306661306115638,,,0.036707903079082
Tkaczuk,2021,helium,,,8.023799896,,,142.219635,,,-0.497832933703277,,,0.1307412925708
Tkaczuk,2021,helium,,,5.975899887,,,143.2433319,,,-0.497832933703277,,,0.127272037932666
Tkaczuk,2021,helium-neon,,,6.073199844,,,64.09143829,0.455364113,0.544635887,0.781054421403556,,,0.02489217075366
Tkaczuk,2021,helium-neon,,,4.154499817,,,62.50511551,0.462493286,0.537506714,0.945159775509993,,,0.101887693727168
Tkaczuk,2021,helium-neon,,,5.99090004,,,79.15239655,0.466849403,0.533150597,0.588694145123361,,,-0.062339698033236
Tkaczuk,2021,helium-neon,,,5.005799866,,,78.55823517,0.467210503,0.532789497,0.588694145123361,,,0.0585456612584
Tkaczuk,2021,helium-neon,,,5.009549968,,,63.6618309,0.466496315,0.533503685,0.856806402475139,,,0.053978374572895
Tkaczuk,2021,helium-neon,,,3.87179985,,,62.62127304,0.466787911,0.533212089,0.984282542198314,,,0.065293895319626
Tkaczuk,2021,helium-neon,,,3.024099922,,,79.9641037,0.466869202,0.533130798,0.778638443699864,,,-0.075339168302066
Tkaczuk,2021,helium-neon,,,1.943799973,,,79.1587677,0.466873207,0.533126793,0.778638443699864,,,0.024227522356973
Tkaczuk,2021,helium-neon,,,4.001399994,,,79.25732422,0.466660881,0.533339119,0.620196237461568,,,0.088191505253035
Tkaczuk,2021,helium-neon,,,8.152199936,,,64.4666748,0.314509602,0.685490398,0.990325767331315,,,-0.052717950348795
Tkaczuk,2021,helium-neon,,,5.967166742,,,62.02532959,0.306777401,0.693222599,1.30090198711886,,,0.001213345617123
Tkaczuk,2021,helium-neon,,,3.975699997,,,59.168396,0.302913208,0.697086792,1.58396506148913,,,0.095037498265877
Tkaczuk,2021,helium-neon,,,6.036999893,,,79.88356781,0.327704811,0.672295189,0.886368142718616,,,-0.014731570878025
Tkaczuk,2021,helium-neon,,,3.975099945,,,78.01207733,0.327518387,0.672481613,0.994312103968215,,,0.088268981270878
Tkaczuk,2021,helium-neon,,,2.091350079,,,61.97766876,0.327823792,0.672176208,1.81812345791639,,,-0.011282741003117
Tkaczuk,2021,helium-neon,,,3.135400009,,,64.08061981,0.399278603,0.600721397,1.44907502273315,,,-0.086668624061766
Tkaczuk,2021,helium-neon,,,2.072699928,,,62.58144379,0.399449196,0.600550804,1.50033870635322,,,-0.011049886898022
Tkaczuk,2021,helium-neon,,,4.964900017,,,64.01760101,0.390310516,0.609689484,1.25496037679613,,,-0.083617504878065
Tkaczuk,2021,helium-neon,,,4.055400085,,,62.85807037,0.386892815,0.613107185,1.31196219763753,,,-0.012263292145255
Tkaczuk,2021,helium-neon,,,3.070700073,,,61.49729919,0.379854698,0.620145302,1.37367709358384,,,0.063967049989442
Tkaczuk,2021,helium-neon,,,3.109225035,,,63.12421417,0.215492096,0.784507904,2.24174202618249,,,-0.070087631737287
Tkaczuk,2021,helium-neon,,,2.044149971,,,60.68468857,0.215371094,0.784628906,2.47112697377695,,,-0.038863286186581
Tkaczuk,2021,helium-neon,,,1.033400011,,,58.11508179,0.215444508,0.784555492,2.68881193744043,,,-0.01002821694786
Tkaczuk,2021,helium-neon,,,5.386174965,,,63.9445076,0.209634399,0.790365601,1.66880200962898,,,-0.008136224077193
Tkaczuk,2021,helium-neon,,,4.028900146,,,61.42861938,0.214998207,0.785001793,2.04897659015281,,,-0.016872395558999
Tkaczuk,2021,helium-neon,,,3.272700119,,,59.8692894,0.215658703,0.784341297,2.26078927836628,,,-0.009591057535145
Tkaczuk,2021,helium-neon,,,1.984300041,,,56.83626175,0.215767803,0.784232197,2.62167194733188,,,0.012240414625929
Tkaczuk,2021,helium-neon,,,1.003100014,,,54.13127899,0.215843201,0.784156799,2.89650745113171,,,0.032184058641603
Tkaczuk,2021,helium-nitrogen,,,5.05929985,,,149.3185425,0.1453545,0.8546455,4.57535214182875,,,0.007018629624046
Tkaczuk,2021,helium-nitrogen,,,2.991799927,,,138.3912659,0.145634203,0.854365797,6.12131072696026,,,0.00358260430826
Tkaczuk,2021,helium-nitrogen,,,1.943700027,,,131.4246979,0.145519104,0.854480896,7.1524268536442,,,-0.012853422670109
Tkaczuk,2021,helium-nitrogen,,,2.013899994,,,146.4505005,0.144916096,0.855083904,5.86975592897896,,,-0.007172780686322
Tkaczuk,2021,helium-nitrogen,,,3.006200027,,,129.3087616,0.145136299,0.854863701,7.13576431244268,,,-0.02983669851192
Tkaczuk,2021,helium-nitrogen,,,2.005900002,,,121.5911865,0.144958696,0.855041304,8.42629767324966,,,-0.034035787334356
Tkaczuk,2021,helium-nitrogen,,,3.276900101,,,137.325943,0.502580185,0.497419815,2.33614664661948,,,-0.147926415758211
Tkaczuk,2021,helium-nitrogen,,,2.009799957,,,134.9553375,0.5026828,0.4973172,2.33614664661948,,,-0.037824050493652
Tkaczuk,2021,helium-nitrogen,,,5.979199982,,,137.6961823,0.502659607,0.497340393,1.84702919781204,,,-0.150641362407132
Tkaczuk,2021,helium-nitrogen,,,5.00890007,,,135.8578796,0.502691803,0.497308197,2.01506169844332,,,-0.131959865003563
Tkaczuk,2021,helium-nitrogen,,,4.007300186,,,133.8177643,0.502790489,0.497209511,2.18851459796345,,,-0.108084004850311
Tkaczuk,2021,helium-nitrogen,,,2.018499947,,,129.152832,0.503011208,0.496988792,2.53292674649848,,,-0.050640969780929
